(no author) = cvs2svn <no_author@no_author>
root = root <no_author@no_author>

agloess = Andreas Glöß <andreas.gloess@chem.uzh.ch>
alazzaro = Alfio Lazzaro <alfio.lazzaro@chem.uzh.ch>
akohlmey = Axel Kohlmeyer <axel.kohlmeyer@temple.edu>
aps = Ari Paavo Seitsonen <apsi@iki.fi>
ceriottm = Michele Ceriotti <michele.ceriotti@epfl.ch>
cjmundy = Chris Mundy <chris.mundy@pnnl.gov>
delben = Mauro Del Ben <mauro.delben@chem.uzh.ch>
dorotheagolze = Dorothea Golze <dorothea.golze@aalto.fi>
fawzi = Mohamed Fawzi <mohamed@fhi-berlin.mpg.de>
fschiff = Florian Schiffmann <florian.schiffmann@mat.ethz.ch>
gtb = Gloria Tabacchi <gloria.tabacchi@uninsubria.it>
hbani = Hossein Banihashemian <hossein.banihashemian@mat.ethz.ch>
hforbert = Harald Forbert <harald.forbert@theochem.ruhr-uni-bochum.de>
ibethune = Iain Bethune <iain.bethune@stfc.ac.uk>
ikuo = I-Feng William Kuo <kuo2@llnl.gov>
janwilhelm = Jan Wilhelm <jan.wilhelm@chem.uzh.ch>
jgh = Jürg Hutter <hutter@chem.uzh.ch>
jhutter = Jürg Hutter <hutter@chem.uzh.ch>
krack = Matthias Krack <matthias.krack@psi.ch>
lwalewski = Lukasz Walewski <Lukasz.Walewski@ruhr-uni-bochum.de>
mandes = Mandes Schönherr <m.schoenherr@pci.uzh.ch>
marcella = Marcella Iannuzzi <marcella.iannuzzi@chem.uzh.ch>
marci73 = Marcella Iannuzzi <marcella.iannuzzi@chem.uzh.ch>
mcgrath = Matthew McGrath <obfiscator@gmail.com>
mguidon = Manuel Guidon <m.guidon@pci.uzh.ch>
mkrack = Matthias Krack <matthias.krack@psi.ch>
mmcgrath = Matthew McGrath <obfiscator@gmail.com>
mmcgrathcp2k = Matthew McGrath <obfiscator@gmail.com>
nholmber = Holmberg Nico <nico.holmberg@aalto.fi>
oschuett = Ole Schütt <ole.schuett@cp2k.org>
pousa = Christian Pousa <c.pousaribeiro@pci.uzh.ch>
pseewald = Patrick Seewald <patrick.seewald@chem.uzh.ch>
rybkinjr = Vladimir Rybkin <vladimir.rybkin@chem.uzh.ch>
sandermatt = Samuel Andermatt <samuel.andermatt@mat.ethz.ch>
schulkov = Sergey Chulkov <schulkov@lincoln.ac.uk>
tchassai = Thomas Chassaing <tchassai@pci.unizh.ch>
tizianomueller = Tiziano Müller <tiziano.mueller@chem.uzh.ch>
tkuehne = Thomas D. Kühne <tdkuehne@mail.upb.de>
tlaino = Teodoro Laino <teodoro.laino@gmail.com>
tonglianheng = Tong Lianheng <k1338545@kcl.ac.uk>
uborstnik = Urban Borštnik <urban.borstnik@id.ethz.ch>
urban = Urban Borštnik <urban.borstnik@id.ethz.ch>
vondele = Joost VandeVondele <joost.vandevondele@cscs.ch>
vweber = Valery Weber <vwe@zurich.ibm.com>
